customer_id,email,firstname,lastname,gender,birthdate,credit
591,cgoare0@netlog.com,Clarinda,Goare,Non-binary,3/2/2014,1289
66,rmerigon1@berkeley.edu,Rebeca,Merigon,Female,9/14/2010,6662
533,rmcalees2@amazon.co.uk,Regen,McAlees,Male,1/25/2016,7986
337,fcellier3@bravesites.com,Fidelia,Cellier,Female,6/20/2004,9800
461,ehynam4@usa.gov,Ema,Hynam,Female,10/6/2003,8682
144,cscupham5@mac.com,Crawford,Scupham,Genderqueer,5/12/2016,2982
21,lrosevear6@deviantart.com,Leilah,Rosevear,Female,9/4/2018,8972
532,bgiovannacci7@hp.com,Bartolemo,Giovannacci,Male,5/13/2018,4339
85,dkneebone8@nydailynews.com,Dave,Kneebone,Male,4/21/2017,3201
181,jspeeding9@theglobeandmail.com,Jolee,Speeding,Female,11/14/2015,6003
407,wgalfoura@yelp.com,Winona,Galfour,Female,6/9/2002,8596
14,mgiorgiellib@exblog.jp,Marika,Giorgielli,Female,3/1/2012,7209
147,jaucockc@yelp.com,Justine,Aucock,Female,10/27/2006,3894
65,vallibandd@ifeng.com,Valaria,Alliband,Female,10/13/2016,3600
717,jblaye@nbcnews.com,Jerrine,Blay,Female,2/15/2017,3995
489,snelthorpef@deliciousdays.com,Sonnie,Nelthorpe,Female,10/24/2014,5415
103,aplacideg@pbs.org,Archie,Placide,Male,12/8/2014,7374
983,lcarlessoh@fc2.com,Lois,Carlesso,Bigender,2/4/2011,7110
629,kgarlingei@google.com,Kyle,Garlinge,Bigender,2/9/2010,4284
186,ahuffaj@ted.com,Abigail,Huffa,Female,5/10/2009,2740
728,mboverk@freewebs.com,Myer,Bover,Male,7/6/2007,3158
284,amaithl@bravesites.com,Archaimbaud,Maith,Male,10/25/2003,5655
755,mgrindlem@msu.edu,Marve,Grindle,Male,11/9/2008,2470
209,dabelen@rediff.com,Davida,Abele,Female,7/30/2015,3397
444,evigrasso@alexa.com,Efren,Vigrass,Male,7/5/2019,9748
559,hkingswoodp@yahoo.com,Hart,Kingswood,Male,3/25/2014,8469
498,tlemonq@de.vu,Tommy,Lemon,Male,7/3/2007,8778
733,csimmensr@columbia.edu,Clarinda,Simmens,Female,1/25/2009,9726
855,lstansfields@va.gov,Lennie,Stansfield,Male,8/30/2003,5123
19,atremainet@mlb.com,Aguistin,Tremaine,Male,6/29/2005,1906
418,mpaynu@parallels.com,Marlo,Payn,Female,7/16/2003,1425
977,sblarev@joomla.org,Selina,Blare,Polygender,2/22/2009,7128
628,gdickinw@adobe.com,Germain,Dickin,Female,10/20/2014,1297
672,jisakowiczx@smugmug.com,Julia,Isakowicz,Female,1/28/2022,2437
15,kedgary@hibu.com,Kellby,Edgar,Male,11/5/2016,6806
985,glacazez@sun.com,Gabriel,Lacaze,Male,2/14/2009,6313
931,lwoodson10@cloudflare.com,Lyndsey,Woodson,Female,8/4/2009,6426
805,vklawi11@163.com,Viv,Klawi,Female,10/6/2015,8089
368,bpooly12@de.vu,Bobbe,Pooly,Female,12/1/2007,3415
591,fstquenin13@google.co.jp,Frank,St Quenin,Female,6/21/2010,8950
491,tbeetham14@google.com,Trescha,Beetham,Female,11/1/2013,9268
785,whamby15@latimes.com,Whittaker,Hamby,Male,7/30/2005,4147
746,rcapper16@lulu.com,Randi,Capper,Female,3/14/2018,9765
262,mstephen17@netlog.com,Mame,Stephen,Female,10/20/2010,3627
314,scisar18@taobao.com,Sharla,Cisar,Female,10/25/2015,5956
503,dcheale19@boston.com,Dalis,Cheale,Male,10/15/2019,7143
796,srollingson1a@theatlantic.com,Sheena,Rollingson,Female,7/22/2009,9582
778,dmaleney1b@ask.com,Danette,Maleney,Female,3/11/2020,9080
894,dmiddlewick1c@wunderground.com,Devi,Middlewick,Female,7/13/2020,6185
529,hpittoli1d@oracle.com,Haily,Pittoli,Female,8/27/2003,7740
543,lmyers1e@liveinternet.ru,Lyman,Myers,Male,9/30/2017,8008
285,ssymcox1f@blinklist.com,Sancho,Symcox,Male,10/10/2013,5179
319,hbroadhead1g@theglobeandmail.com,Haywood,Broadhead,Male,12/14/2004,9157
476,bdansey1h@spiegel.de,Bettina,Dansey,Female,10/15/2021,3145
636,athornhill1i@wikia.com,Abdul,Thornhill,Male,9/9/2017,7960
168,hcreese1j@slate.com,Harmon,Creese,Male,1/3/2011,8706
289,ocamelli1k@twitter.com,Odie,Camelli,Male,12/2/2013,187
978,pridpath1l@cnbc.com,Paulie,Ridpath,Bigender,3/14/2019,596
367,jelwin1m@fotki.com,Jeffrey,Elwin,Male,10/14/2006,4711
908,jreasun1n@hibu.com,Juan,Reasun,Male,12/3/2002,4720
406,jstanaway1o@alibaba.com,Jard,Stanaway,Male,10/29/2012,1285
956,xstrickler1p@comsenz.com,Xenos,Strickler,Male,7/10/2015,9533
859,isilvester1q@csmonitor.com,Ignace,Silvester,Male,7/22/2018,8737
976,merington1r@blogger.com,Marne,Erington,Polygender,4/4/2015,2542
944,dkliesl1s@examiner.com,Doris,Kliesl,Non-binary,4/22/2008,5322
365,aearl1t@senate.gov,Abby,Earl,Female,5/31/2004,7269
625,lsafhill1u@yelp.com,Larry,Safhill,Male,2/25/2020,1624
278,jrollason1v@mayoclinic.com,Joey,Rollason,Male,12/27/2010,8250
394,ssineath1w@csmonitor.com,Sigvard,Sineath,Male,4/28/2013,4228
375,fivanchov1x@prnewswire.com,Farris,Ivanchov,Male,2/11/2019,8813
752,rwalcher1y@ehow.com,Reinaldo,Walcher,Genderfluid,5/3/2004,4247
248,ileahair1z@independent.co.uk,Ingmar,Leahair,Male,9/19/2018,7887
304,rrouse20@uol.com.br,Rhiamon,Rouse,Female,12/31/2006,946
919,dgiddens21@mashable.com,Delbert,Giddens,Male,6/25/2020,4961
733,cenoch22@live.com,Cary,Enoch,Female,8/13/2004,4310
611,tprendeville23@google.pl,Tandi,Prendeville,Female,10/4/2018,5991
637,rgate24@friendfeed.com,Renell,Gate,Female,4/7/2019,6447
956,bbody25@economist.com,Beilul,Body,Non-binary,4/28/2009,8108
898,eneno26@cafepress.com,Erskine,Neno,Male,4/12/2022,9872
87,wclewer27@cocolog-nifty.com,Wes,Clewer,Male,12/28/2021,6374
741,cwootton28@scientificamerican.com,Cos,Wootton,Bigender,9/14/2019,8662
639,idallow29@i2i.jp,Ines,Dallow,Female,11/20/2019,7683
78,alamke2a@cbc.ca,Arch,Lamke,Male,8/6/2009,692
463,fneem2b@sbwire.com,Fredric,Neem,Male,6/23/2012,5280
532,cdoulton2c@sciencedirect.com,Christopher,Doulton,Male,3/19/2008,2253
533,ffriskey2d@arstechnica.com,Farah,Friskey,Female,2/2/2014,6542
997,bopdenort2e@rambler.ru,Bonita,Opdenort,Female,12/22/2018,6524
49,rsalmoni2f@eepurl.com,Roxine,Salmoni,Genderfluid,12/22/2021,4149
370,freaman2g@youku.com,Fin,Reaman,Male,9/4/2013,3878
960,bclyant2h@netvibes.com,Benson,Clyant,Male,3/31/2002,4793
335,gdallemore2i@google.cn,Goldia,Dallemore,Female,8/1/2003,590
723,mcrust2j@istockphoto.com,Meryl,Crust,Male,4/23/2007,3584
400,rtellenbrook2k@nifty.com,Raoul,Tellenbrook,Male,8/19/2014,5930
981,ngiorgini2l@deviantart.com,Noreen,Giorgini,Female,8/9/2020,2786
936,hjeanin2m@nydailynews.com,Hardy,Jeanin,Male,12/7/2009,2049
189,maim2n@jiathis.com,Maurizia,Aim,Female,11/1/2017,3457
619,ewoan2o@gizmodo.com,Ediva,Woan,Female,7/17/2013,2390
433,tdadswell2p@shinystat.com,Tait,Dadswell,Male,5/22/2011,1201
968,amanston2q@fema.gov,Andi,Manston,Female,5/12/2008,9913
728,jbriant2r@csmonitor.com,Jocko,Briant,Male,12/11/2011,5584
420,tmustarde2s@google.ru,Teriann,Mustarde,Female,4/28/2004,3495
27,sdepinna2t@symantec.com,Sherlock,de Pinna,Male,6/16/2013,3508
39,ihuskinson2u@ca.gov,Iosep,Huskinson,Male,4/4/2004,8419
802,cdekeyser2v@multiply.com,Chancey,Dekeyser,Male,7/7/2021,4468
693,amirfin2w@jalbum.net,Andrus,Mirfin,Male,3/31/2021,5627
307,oteape2x@fotki.com,Othilie,Teape,Female,8/24/2014,4654
66,tdalligan2y@adobe.com,Thom,Dalligan,Male,4/1/2015,9823
737,rsandaver2z@guardian.co.uk,Rosana,Sandaver,Female,9/17/2002,313
551,kdurrant30@disqus.com,Kirstin,Durrant,Female,3/10/2006,6240
937,vdesremedios31@nydailynews.com,Vivia,des Remedios,Female,11/22/2011,9800
868,bpechacek32@joomla.org,Brok,Pechacek,Male,4/2/2006,1134
146,sauger33@archive.org,Sigrid,Auger,Female,8/13/2011,2108
465,ktibbles34@usgs.gov,Karlotta,Tibbles,Female,2/7/2009,763
283,sbidgood35@nasa.gov,Sharai,Bidgood,Female,12/1/2019,5630
28,pbackshall36@wufoo.com,Poppy,Backshall,Female,1/27/2017,4871
27,amcguiney37@home.pl,Allene,McGuiney,Female,1/26/2021,8648
896,mparzizek38@mozilla.org,Meg,Parzizek,Female,1/17/2010,4169
821,shennemann39@biblegateway.com,Sean,Hennemann,Male,11/16/2015,4444
407,jfiloniere3a@stanford.edu,Jeddy,Filoniere,Male,10/31/2014,1695
693,alinstead3b@so-net.ne.jp,Arleyne,Linstead,Female,7/18/2006,5198
776,tmeredyth3c@4shared.com,Tyne,Meredyth,Female,1/7/2012,2367
338,pdashkov3d@irs.gov,Pierre,Dashkov,Male,3/16/2022,3710
748,tobeirne3e@google.com.br,Terencio,O'Beirne,Male,2/18/2017,5425
119,jwaldrum3f@wunderground.com,Jacinta,Waldrum,Female,4/13/2010,9808
998,fgrealish3g@indiatimes.com,Freddi,Grealish,Female,12/19/2019,6456
531,fdivill3h@deviantart.com,Francine,Divill,Female,6/15/2004,7998
553,cboud3i@dyndns.org,Clarissa,Boud,Female,7/16/2013,7098
51,bsalt3j@slate.com,Bartlett,Salt,Male,6/30/2009,9337
914,swilfinger3k@princeton.edu,Saxon,Wilfinger,Male,6/6/2019,4571
376,ttwiggs3l@nih.gov,Turner,Twiggs,Male,11/16/2006,5927
405,wmcalarney3m@oracle.com,Wendie,McAlarney,Female,7/5/2011,1146
182,imatthisson3n@ehow.com,Iolanthe,Matthisson,Female,4/30/2017,6613
844,mbottleson3o@mozilla.com,Morris,Bottleson,Male,4/6/2003,1050
230,csangwin3p@nba.com,Caron,Sangwin,Female,7/30/2001,1837
385,amowen3q@mozilla.org,Alano,Mowen,Male,1/3/2002,5982
699,hoffener3r@howstuffworks.com,Hilarius,Offener,Male,12/8/2007,2392
325,jpedron3s@about.me,Johnna,Pedron,Female,8/11/2004,8964
688,alathe3t@multiply.com,Ailee,Lathe,Female,9/1/2017,8921
666,cdeaville3u@engadget.com,Celestyna,Deaville,Female,3/11/2006,6740
481,pseger3v@sourceforge.net,Patience,Seger,Genderfluid,5/19/2020,1577
776,smaro3w@about.com,Stacee,Maro,Male,2/27/2016,5292
674,eitzhaki3x@ezinearticles.com,Elly,Itzhaki,Female,2/10/2004,2740
116,bdanieli3y@ameblo.jp,Brad,Danieli,Male,3/10/2006,8126
145,adonise3z@utexas.edu,Andrey,D'Onise,Male,5/29/2017,2306
200,tproger40@economist.com,Tori,Proger,Female,7/22/2021,1321
760,riiannone41@bloomberg.com,Rozamond,Iiannone,Female,7/19/2019,5543
798,kdebischop42@wordpress.com,Kristine,De Bischop,Female,3/5/2016,954
4,vculver43@pen.io,Violante,Culver,Female,12/18/2012,755
695,ilount44@usa.gov,Isador,Lount,Male,7/14/2019,6681
917,mpittway45@wikia.com,Mitchael,Pittway,Male,2/6/2015,669
858,egyenes46@github.io,Eliza,Gyenes,Female,7/27/2013,6205
852,klawtey47@homestead.com,Kristofor,Lawtey,Male,4/20/2015,1450
770,dlicquorish48@jugem.jp,Dyna,Licquorish,Female,8/16/2003,774
499,ccossins49@columbia.edu,Cris,Cossins,Male,1/13/2003,8440
114,mtough4a@harvard.edu,Murielle,Tough,Female,7/16/2011,5925
455,bcady4b@homestead.com,Brittne,Cady,Genderqueer,9/3/2017,5365
74,zrobjant4c@multiply.com,Zed,Robjant,Male,7/31/2021,7667
475,klynes4d@woothemes.com,Kirsti,Lynes,Bigender,10/19/2005,7819
729,sstanden4e@fc2.com,Shoshana,Standen,Female,1/30/2021,9890
181,bmillward4f@sakura.ne.jp,Breanne,Millward,Female,12/6/2007,2946
512,aocaherny4g@sakura.ne.jp,Alasteir,O'Caherny,Male,12/18/2009,2273
914,abotterman4h@altervista.org,Allis,Botterman,Bigender,3/29/2020,113
803,hmathewson4i@opera.com,Heriberto,Mathewson,Male,12/24/2010,2319
898,bhouchen4j@cbsnews.com,Bartholemy,Houchen,Male,10/29/2003,4050
120,rlampkin4k@ucoz.ru,Robinia,Lampkin,Female,1/22/2014,2220
236,ejinkins4l@pbs.org,Evie,Jinkins,Female,8/7/2001,7804
833,ahardes4m@t.co,Alford,Hardes,Male,2/27/2004,1768
290,tfalks4n@hugedomains.com,Tilly,Falks,Genderqueer,8/18/2020,767
767,ntatters4o@naver.com,Nada,Tatters,Female,6/5/2005,1767
11,hstucke4p@sbwire.com,Hillel,Stucke,Male,12/31/2011,6491
581,rmatonin4q@devhub.com,Rayna,Matonin,Genderfluid,5/11/2014,2982
577,pgocher4r@slideshare.net,Priscilla,Gocher,Female,3/3/2009,2132
632,hgillford4s@usnews.com,Henrieta,Gillford,Female,2/18/2016,1363
482,dbrazil4t@answers.com,Dukie,Brazil,Male,10/6/2002,6738
982,mtooth4u@disqus.com,Magdaia,Tooth,Female,11/25/2016,762
767,nclover4v@e-recht24.de,Nedda,Clover,Female,12/4/2009,4220
735,rmacfarlan4w@booking.com,Richy,MacFarlan,Male,7/8/2016,1704
165,mgrane4x@ustream.tv,Maryann,Grane,Female,11/2/2015,8593
80,mpiquard4y@mashable.com,Marlane,Piquard,Female,7/25/2011,3571
772,lbristowe4z@virginia.edu,Lorain,Bristowe,Female,5/15/2004,1898
671,jthal50@taobao.com,Jolynn,Thal,Female,3/12/2005,5492
836,debenezer51@google.pl,Dulcine,Ebenezer,Female,5/2/2019,6042
181,vgerrish52@nytimes.com,Virgie,Gerrish,Genderfluid,5/9/2003,5697
156,rfeavyour53@wordpress.com,Rebeca,Feavyour,Female,10/19/2020,8420
9,lweippert54@economist.com,Loutitia,Weippert,Female,12/25/2021,1076
845,fwickes55@marketwatch.com,Field,Wickes,Male,12/22/2002,5808
996,jchat56@shop-pro.jp,Janeen,Chat,Female,12/3/2005,7953
282,tkose57@newyorker.com,Timofei,Kose,Male,7/23/2005,7461
472,tscrowston58@rakuten.co.jp,Tucker,Scrowston,Male,12/4/2020,1500
25,fbarenski59@howstuffworks.com,Fredek,Barenski,Male,11/8/2004,184
269,clongega5a@smh.com.au,Cal,Longega,Agender,1/31/2008,2229
344,tmarkovich5b@umn.edu,Tan,Markovich,Male,1/5/2019,6094
400,sgullberg5c@sun.com,Sky,Gullberg,Male,7/2/2010,4141
897,proseaman5d@blog.com,Pen,Roseaman,Polygender,4/11/2014,8074
719,aburchatt5e@deliciousdays.com,Andeee,Burchatt,Female,8/14/2011,4587
660,drime5f@umn.edu,Dar,Rime,Male,3/20/2005,9410
383,bmccleverty5g@webs.com,Blondy,McCleverty,Female,9/16/2011,2558
551,hlamb5h@utexas.edu,Humfried,Lamb,Male,3/30/2007,1100
748,fbartoszinski5i@altervista.org,Felice,Bartoszinski,Female,6/25/2014,9264
288,esalliere5j@samsung.com,Elliott,Salliere,Male,3/29/2003,5001
295,ccaps5k@uol.com.br,Cherice,Caps,Female,5/1/2007,7406
332,tcunniam5l@opera.com,Tanney,Cunniam,Male,11/29/2018,449
208,rhoudmont5m@topsy.com,Rufe,Houdmont,Male,10/25/2011,7689
326,fniess5n@lulu.com,Fernanda,Niess,Female,9/3/2016,9375
346,tniezen5o@deviantart.com,Torrin,Niezen,Male,5/23/2017,5566
752,ebreadon5p@phpbb.com,Eb,Breadon,Male,6/28/2007,4501
578,adyson5q@theglobeandmail.com,Antons,Dyson,Genderfluid,7/19/2018,7401
47,ocortez5r@rediff.com,Orbadiah,Cortez,Male,5/15/2010,649
718,ovampouille5s@facebook.com,Olivier,Vampouille,Male,12/2/2016,1644
138,gjirik5t@harvard.edu,Gunther,Jirik,Male,8/5/2002,8989
283,bmacvanamy5u@spotify.com,Benoite,MacVanamy,Polygender,6/17/2009,9828
272,nrawlingson5v@dyndns.org,Nico,Rawlingson,Male,6/4/2001,9309
67,spenswick5w@weibo.com,Shanna,Penswick,Female,5/14/2022,9187
617,bloughran5x@cnet.com,Barrie,Loughran,Male,11/28/2002,388
646,aferebee5y@kickstarter.com,Avie,Ferebee,Female,7/13/2013,741
433,ldurbridge5z@mail.ru,Laurena,Durbridge,Female,4/3/2007,7350
491,cfoottit60@apache.org,Clarice,Foottit,Female,5/15/2004,5695
913,agrunder61@sohu.com,Ardra,Grunder,Female,7/16/2008,252
955,sadair62@delicious.com,Silvio,Adair,Male,6/21/2008,5841
6,smardle63@google.com.hk,Sven,Mardle,Male,12/19/2014,7208
369,jelfes64@apple.com,Johnnie,Elfes,Male,6/18/2020,6893
673,abagshawe65@answers.com,Allyce,Bagshawe,Female,3/3/2002,5332
175,caristide66@etsy.com,Christel,Aristide,Female,8/2/2018,3950
250,rhostan67@deviantart.com,Randall,Hostan,Male,5/16/2008,8811
839,cmotto68@sina.com.cn,Corette,Motto,Female,11/19/2016,4763
246,mkarlowicz69@skyrock.com,Magnum,Karlowicz,Male,3/11/2022,798
835,eclash6a@disqus.com,Elena,Clash,Female,1/10/2011,6309
599,dcobbing6b@github.io,Dana,Cobbing,Female,11/24/2019,8576
982,ogoalley6c@state.gov,Olivette,Goalley,Female,12/21/2008,4243
344,rqueen6d@ycombinator.com,Rosette,Queen,Female,2/24/2002,3554
280,cpaylor6e@princeton.edu,Carling,Paylor,Male,7/30/2002,8426
235,lknutsen6f@creativecommons.org,Lissie,Knutsen,Female,1/2/2007,4740
448,xlamborn6g@gov.uk,Xymenes,Lamborn,Male,6/21/2013,9877
972,tewert6h@bandcamp.com,Tania,Ewert,Female,6/22/2001,2824
671,jskip6i@nature.com,Jamesy,Skip,Male,6/3/2005,2367
160,mmacneilly6j@globo.com,Meta,MacNeilly,Female,8/31/2002,8938
928,nlidgett6k@arstechnica.com,Nerissa,Lidgett,Female,6/25/2009,6168
685,bnurdin6l@nasa.gov,Bret,Nurdin,Male,8/30/2019,3251
466,mphinnessy6m@wordpress.com,Maressa,Phinnessy,Female,8/5/2015,6537
604,gavo6n@dot.gov,Gisele,Avo,Female,5/14/2009,9580
819,amaddison6o@wordpress.com,Alene,Maddison,Female,1/17/2011,4726
89,bmarie6p@sbwire.com,Bev,Marie,Female,4/4/2006,9738
330,jnower6q@com.com,Jewell,Nower,Female,7/21/2013,5285
521,rbickerstasse6r@google.fr,Rhiamon,Bickerstasse,Polygender,10/3/2019,3688
117,sfilan6s@furl.net,Sybille,Filan,Agender,9/5/2006,6239
983,epavlenko6t@ameblo.jp,Edmund,Pavlenko,Male,9/18/2006,8088
610,bsiehard6u@hao123.com,Brant,Siehard,Male,12/31/2014,4126
510,aomullan6v@npr.org,Ann-marie,O' Mullan,Non-binary,11/27/2014,4621
640,nlinning6w@state.gov,Nichols,Linning,Genderfluid,12/4/2019,9589
629,vsazio6x@t.co,Valerye,Sazio,Female,5/9/2009,6373
585,izoane6y@topsy.com,Ines,Zoane,Female,8/7/2018,3323
405,kwloch6z@cbslocal.com,Karleen,Wloch,Female,1/2/2006,1555
698,mgress70@trellian.com,Merrick,Gress,Male,3/22/2005,7629
765,fprinett71@google.es,Fancie,Prinett,Female,5/18/2019,6900
332,dmacascaidh72@reuters.com,Daniel,MacAscaidh,Male,7/22/2020,9013
559,kconerding73@epa.gov,Kirstyn,Conerding,Female,4/4/2003,9472
909,agarrud74@ihg.com,Aleksandr,Garrud,Genderqueer,9/13/2003,4145
241,mjarratt75@sbwire.com,Mariejeanne,Jarratt,Female,11/6/2014,570
272,wzorzetti76@chicagotribune.com,Waldo,Zorzetti,Male,2/17/2011,9390
348,bellesmere77@huffingtonpost.com,Bathsheba,Ellesmere,Female,2/14/2010,7763
274,zwalstow78@jigsy.com,Zeb,Walstow,Male,2/4/2009,8080
138,tlinklater79@uol.com.br,Torre,Linklater,Male,9/23/2011,999
296,sstemson7a@google.ca,Skippy,Stemson,Male,7/11/2005,8303
81,etickner7b@huffingtonpost.com,Eliza,Tickner,Female,10/24/2013,9305
651,ldunrige7c@nyu.edu,Lindsay,Dunrige,Female,12/24/2008,9683
572,amackaig7d@cdbaby.com,Ambrosio,MacKaig,Male,7/29/2018,9802
799,gsearjeant7e@sitemeter.com,Gerald,Searjeant,Male,7/27/2012,4044
673,lgilbertson7f@wufoo.com,Linn,Gilbertson,Bigender,1/25/2014,6361
646,gkennedy7g@wisc.edu,Gwenora,Kennedy,Female,12/25/2017,5055
276,eabethell7h@uiuc.edu,Elinor,Abethell,Female,7/14/2017,1883
195,gdaburn7i@usatoday.com,Gus,Daburn,Female,3/20/2013,6152
73,lede7j@livejournal.com,Lusa,Ede,Female,9/26/2003,9712
131,mtwyford7k@netscape.com,Moises,Twyford,Male,11/16/2010,7194
960,rlequesne7l@phoca.cz,Roy,Le Quesne,Polygender,9/26/2016,763
996,soels7m@msn.com,Steward,Oels,Male,9/16/2018,1730
501,bewles7n@newyorker.com,Blinny,Ewles,Female,12/25/2003,5731
330,ihendrikse7o@e-recht24.de,Irvin,Hendrikse,Male,8/17/2021,6817
222,rinnwood7p@apple.com,Ruthie,Innwood,Female,12/19/2010,4463
639,wwoolgar7q@flickr.com,Wiatt,Woolgar,Male,7/17/2007,8451
278,adannohl7r@bluehost.com,Arlee,Dannohl,Female,7/18/2020,6414
97,gogley7s@technorati.com,Gaspar,Ogley,Male,4/10/2013,5834
588,fstenhouse7t@rakuten.co.jp,Forbes,Stenhouse,Male,7/24/2010,6780
492,jprin7u@hc360.com,Janeva,Prin,Female,2/12/2021,6438
588,gmatevushev7v@technorati.com,Geralda,Matevushev,Female,9/25/2005,2560
789,cmaginn7w@washingtonpost.com,Charles,Maginn,Male,11/22/2012,9802
960,hbowring7x@ebay.co.uk,Helli,Bowring,Female,6/25/2018,2804
205,ahadleigh7y@blogs.com,Aaren,Hadleigh,Female,9/19/2018,9222
23,fbernardot7z@vk.com,Franz,Bernardot,Male,6/14/2020,1234
94,ovasilyevski80@a8.net,Orsa,Vasilyevski,Female,1/30/2009,4556
928,nmateiko81@mail.ru,Nickola,Mateiko,Male,4/27/2006,2683
313,rallcroft82@examiner.com,Roshelle,Allcroft,Female,1/12/2010,963
803,bwestcarr83@amazon.de,Benni,Westcarr,Female,10/11/2018,2398
106,mredmire84@dailymotion.com,Madalena,Redmire,Female,7/24/2013,1241
900,stolcharde85@globo.com,Sayre,Tolcharde,Male,11/7/2014,9016
586,fpetchey86@ox.ac.uk,Ferdy,Petchey,Male,8/15/2003,8763
460,rfloat87@zdnet.com,Reuben,Float,Male,3/14/2014,7442
19,fhirtz88@techcrunch.com,Felic,Hirtz,Male,9/21/2019,761
418,bsupple89@mashable.com,Bail,Supple,Male,3/23/2018,2228
503,krobley8a@people.com.cn,Karney,Robley,Male,2/20/2014,3325
389,kmattingly8b@histats.com,Karlis,Mattingly,Male,7/8/2011,318
453,afishenden8c@epa.gov,Abbey,Fishenden,Female,7/7/2011,5156
708,oivanisov8d@123-reg.co.uk,Osbert,Ivanisov,Male,9/28/2002,776
398,pkhosa8e@msu.edu,Pepillo,Khosa,Male,4/28/2002,6491
701,nposthill8f@cbslocal.com,Nanice,Posthill,Genderqueer,1/12/2021,9579
937,larckoll8g@cdbaby.com,Lottie,Arckoll,Female,8/18/2018,6354
413,djeandet8h@mozilla.com,David,Jeandet,Male,7/18/2012,417
690,nwardell8i@dailymotion.com,Nissie,Wardell,Agender,4/23/2011,3652
436,iwhettleton8j@canalblog.com,Ingamar,Whettleton,Male,8/28/2021,2098
50,dvandenbosch8k@wisc.edu,Dorey,Van den Bosch,Female,7/16/2001,8636
712,brudolfer8l@sciencedaily.com,Bronny,Rudolfer,Male,1/20/2009,3108
291,lhollow8m@virginia.edu,Leonhard,Hollow,Male,1/25/2009,8801
370,kbrennen8n@hhs.gov,Kittie,Brennen,Female,1/30/2011,5345
25,dkielty8o@mapquest.com,Dave,Kielty,Non-binary,2/27/2003,4220
823,dwallman8p@reference.com,Dennison,Wallman,Male,5/7/2022,6194
667,cbilham8q@vk.com,Cos,Bilham,Male,8/21/2013,7771
415,whinchcliffe8r@bloomberg.com,Wendye,Hinchcliffe,Polygender,4/21/2016,6325
245,ifrenzl8s@facebook.com,Iosep,Frenzl,Male,7/9/2011,6511
76,ivinnicombe8t@goo.ne.jp,Ivonne,Vinnicombe,Female,12/29/2013,9081
520,gungerecht8u@hud.gov,George,Ungerecht,Female,10/1/2021,6664
399,bsiret8v@baidu.com,Bobine,Siret,Female,1/9/2022,4387
484,ybuyers8w@alibaba.com,Yolanda,Buyers,Female,6/23/2018,916
310,csaunter8x@woothemes.com,Corbett,Saunter,Genderqueer,10/3/2004,8202
777,pfawks8y@weebly.com,Paula,Fawks,Female,1/17/2004,1883
158,bsawer8z@oracle.com,Beatrisa,Sawer,Female,9/27/2019,6777
116,blamblin90@liveinternet.ru,Breanne,Lamblin,Female,9/14/2005,6193
264,gboustead91@dailymotion.com,Guilbert,Boustead,Male,9/25/2018,5707
812,jthexton92@vkontakte.ru,Jorie,Thexton,Female,5/12/2022,5648
538,gsetchfield93@hostgator.com,Greer,Setchfield,Female,8/9/2019,8912
184,keilhart94@issuu.com,Kizzie,Eilhart,Female,8/8/2019,393
658,mglayzer95@ucla.edu,Marcos,Glayzer,Male,11/14/2021,5028
125,pdalman96@dailymail.co.uk,Poul,Dalman,Male,12/11/2002,1373
994,vnottingam97@odnoklassniki.ru,Vance,Nottingam,Polygender,11/4/2001,5572
642,hnanelli98@parallels.com,Hatty,Nanelli,Female,11/30/2019,8971
784,kpakenham99@goodreads.com,Katheryn,Pakenham,Female,9/22/2017,6390
53,pfritchley9a@vistaprint.com,Perrine,Fritchley,Female,1/22/2018,2527
493,gkyteley9b@mashable.com,Gaylord,Kyteley,Male,9/15/2001,8465
397,cisbell9c@fema.gov,Chiarra,Isbell,Female,1/8/2017,1764
256,ppersicke9d@jiathis.com,Prudi,Persicke,Female,10/9/2015,9953
598,ibrayson9e@sina.com.cn,Ingamar,Brayson,Male,8/1/2003,4784
506,mdelacoste9f@sitemeter.com,Melli,Delacoste,Female,3/21/2017,5328
844,hbleibaum9g@4shared.com,Hedvige,Bleibaum,Female,3/6/2014,9022
743,saxtens9h@joomla.org,Shelby,Axtens,Male,9/6/2011,3584
292,sliley9i@about.me,Sergent,Liley,Male,3/17/2005,7556
514,brigmand9j@sakura.ne.jp,Bernadette,Rigmand,Female,1/20/2003,3345
964,hcoutthart9k@go.com,Hedda,Coutthart,Female,9/27/2002,2290
75,lgeffinger9l@youku.com,Launce,Geffinger,Genderfluid,9/1/2014,6968
721,flillicrap9m@state.gov,Frederic,Lillicrap,Male,6/6/2005,2692
563,sreveland9n@pbs.org,Salem,Reveland,Male,8/19/2020,1037
744,bthompstone9o@huffingtonpost.com,Billy,Thompstone,Male,6/25/2001,8808
660,whospital9p@yolasite.com,Woodie,Hospital,Male,7/22/2019,2387
329,ebellamy9q@exblog.jp,Evonne,Bellamy,Female,4/24/2009,5689
271,agobel9r@gmpg.org,Angeline,Gobel,Female,3/28/2011,3221
376,avenditto9s@discuz.net,Abran,Venditto,Male,9/1/2007,5347
989,fgotthardsf9t@opensource.org,Felice,Gotthard.sf,Female,6/14/2011,3878
388,srowler9u@wordpress.org,Sibby,Rowler,Female,5/13/2016,4280
103,hflindall9v@ox.ac.uk,Husein,Flindall,Male,10/14/2018,4465
440,krichford9w@unesco.org,Karrah,Richford,Female,12/23/2017,3165
496,agregoratti9x@nifty.com,Alma,Gregoratti,Female,3/20/2016,7206
837,croberto9y@altervista.org,Corbett,Roberto,Male,3/11/2017,1374
882,kinnot9z@gnu.org,Karita,Innot,Female,9/19/2009,7503
541,etrebilcocka0@marriott.com,Ema,Trebilcock,Female,9/26/2018,1507
622,oleesea1@unicef.org,Ottilie,Leese,Bigender,1/28/2022,4252
22,spadgetta2@globo.com,Shena,Padgett,Female,6/27/2016,7389
154,msiddaleya3@canalblog.com,Mace,Siddaley,Male,4/14/2009,5059
246,mnudda4@harvard.edu,Marge,Nudd,Female,1/4/2017,8607
884,slavingtona5@mayoclinic.com,Selena,Lavington,Female,6/2/2008,7149
538,meberdta6@cdc.gov,Marcelline,Eberdt,Female,8/25/2013,2151
256,ndethloffa7@squarespace.com,Nadine,Dethloff,Female,6/5/2019,6598
543,sfirsbya8@patch.com,Sanders,Firsby,Male,8/16/2018,1548
48,jtidmana9@sohu.com,Jolyn,Tidman,Female,9/15/2003,7232
729,zpenkmanaa@bluehost.com,Zandra,Penkman,Female,4/15/2017,4831
518,sthrelkeldab@xing.com,Suzanne,Threlkeld,Female,5/13/2019,3219
91,sthackrayac@mayoclinic.com,Starlene,Thackray,Female,2/26/2008,7061
558,aseymarkad@bloglines.com,Aldwin,Seymark,Male,6/14/2015,6148
144,bgrosierae@ifeng.com,Bev,Grosier,Female,7/23/2018,3066
645,jflaonieraf@sohu.com,Jocelyne,Flaonier,Female,8/24/2008,164
366,acaitlinag@yale.edu,Ave,Caitlin,Male,8/20/2006,1013
514,titzchakyah@goo.gl,Tiler,Itzchaky,Male,7/5/2007,4032
802,lkewleyai@people.com.cn,Louise,Kewley,Genderfluid,10/29/2015,6623
225,jgriffittaj@blogs.com,Jacky,Griffitt,Non-binary,5/26/2016,9550
951,smaccathayak@apache.org,Schuyler,MacCathay,Male,6/26/2008,3147
744,ltobyal@stumbleupon.com,Leon,Toby,Bigender,6/19/2020,9663
843,cbrockhurstam@bigcartel.com,Carmela,Brockhurst,Female,7/11/2011,9146
942,bmadenan@wordpress.com,Bronnie,Maden,Male,3/25/2014,7593
183,ggawkesao@infoseek.co.jp,Gabriel,Gawkes,Female,12/1/2008,612
672,cmcgaviganap@sciencedaily.com,Chickie,McGavigan,Female,10/28/2009,9590
287,ewicklingaq@chron.com,Eduino,Wickling,Male,6/23/2014,8896
545,kdonlonar@comsenz.com,Korie,Donlon,Female,3/5/2022,1773
924,lhirtzmannas@nba.com,Lavena,Hirtzmann,Female,6/13/2008,9958
602,lkamenarat@a8.net,Leonie,Kamenar,Female,10/8/2012,8445
254,pdartheau@auda.org.au,Pembroke,Darthe,Genderfluid,8/12/2017,2812
713,dsnelsonav@cmu.edu,Dot,Snelson,Female,6/19/2021,4056
480,agrettonaw@hatena.ne.jp,Ag,Gretton,Female,5/3/2009,8669
428,mperonax@techcrunch.com,Merci,Peron,Female,8/30/2015,7794
574,kgowdieay@phoca.cz,Karin,Gowdie,Female,6/27/2002,8181
82,dgluyasaz@yellowpages.com,Delores,Gluyas,Female,2/1/2015,7485
514,rsimonettob0@odnoklassniki.ru,Randolf,Simonetto,Male,2/15/2011,3247
960,jeymerb1@seesaa.net,Julie,Eymer,Female,9/23/2019,9480
454,hwyvillb2@privacy.gov.au,Hubie,Wyvill,Male,2/11/2012,9759
212,asantb3@wordpress.org,Aubrette,Sant,Female,2/12/2005,4472
963,kscortonb4@youtu.be,Karoly,Scorton,Female,10/15/2020,9416
681,rriccob5@census.gov,Rosalyn,Ricco,Female,1/3/2013,8063
78,cbrugsmab6@bbc.co.uk,Carlin,Brugsma,Female,7/27/2018,2110
917,sglackenb7@utexas.edu,Selinda,Glacken,Female,9/12/2002,4115
687,fdankob8@bloomberg.com,Filmer,Danko,Male,4/6/2015,2947
935,rtrueb9@phoca.cz,Randee,True,Female,8/31/2009,3852
293,nhatherleighba@acquirethisname.com,Nelly,Hatherleigh,Female,10/14/2015,2003
626,pmcbridebb@quantcast.com,Phedra,McBride,Female,2/25/2003,3476
879,kbengalbc@meetup.com,Karalee,Bengal,Genderfluid,10/1/2020,2388
761,mwincklebd@surveymonkey.com,Mariette,Winckle,Female,4/28/2014,4769
554,aennalsbe@macromedia.com,Andi,Ennals,Non-binary,7/13/2004,7506
581,ssquibbesbf@php.net,Sonia,Squibbes,Female,7/31/2013,2882
783,dgommesbg@comcast.net,Dean,Gommes,Male,10/8/2015,1416
958,sjendrachbh@economist.com,Sandi,Jendrach,Female,8/16/2010,6698
747,skamenarbi@cdc.gov,Stanislaw,Kamenar,Male,9/23/2017,6908
301,jloncasterbj@boston.com,Jeffry,Loncaster,Male,4/7/2008,2057
663,sallixbk@washington.edu,Stepha,Allix,Female,8/15/2016,225
653,scolquytebl@hostgator.com,Sylas,Colquyte,Male,5/19/2012,1368
135,mvasiliubm@jiathis.com,Meier,Vasiliu,Bigender,3/7/2004,9129
644,ggebhardbn@wired.com,Gideon,Gebhard,Male,1/7/2010,3876
392,dbelliardbo@exblog.jp,Dode,Belliard,Female,10/14/2005,9550
824,mmarcusbp@ucoz.com,Maximilianus,Marcus,Male,8/24/2004,8710
703,gmerrisonbq@weather.com,Gerianne,Merrison,Female,11/9/2019,6324
385,bchattbr@flavors.me,Branden,Chatt,Male,2/27/2014,2461
101,heidlerbs@nature.com,Harmonia,Eidler,Female,9/30/2011,5635
401,rmorrillybt@google.co.jp,Ram,Morrilly,Male,10/17/2016,6145
39,aofergusbu@canalblog.com,Alexandre,O'Fergus,Male,3/29/2015,7268
747,nfitzsimonbv@nih.gov,Norine,Fitzsimon,Female,5/19/2022,1534
999,rdiniscobw@weather.com,Randell,Di Nisco,Male,5/14/2010,9445
898,rcrosibx@army.mil,Roana,Crosi,Female,8/8/2006,3432
993,dpaffleyby@bloglovin.com,Dill,Paffley,Male,3/26/2019,5878
980,wclemenzobz@newsvine.com,Walther,Clemenzo,Male,2/27/2021,9632
715,rscathardc0@networkadvertising.org,Rainer,Scathard,Male,8/10/2005,1334
510,ucrathernc1@sina.com.cn,Udale,Crathern,Male,9/6/2010,6272
865,gharomec2@time.com,Granger,Harome,Male,4/6/2021,9366
429,ajacquestc3@delicious.com,Agustin,Jacquest,Male,5/20/2017,4999
507,kpoluzzic4@yandex.ru,Kellia,Poluzzi,Female,7/31/2010,4163
822,shaymesc5@ifeng.com,Sammy,Haymes,Male,9/1/2015,5287
43,tgeraultc6@google.nl,Tammi,Gerault,Female,9/13/2014,860
544,snowlanc7@google.co.uk,Shawn,Nowlan,Male,10/14/2016,958
386,eblagdenc8@accuweather.com,Elora,Blagden,Female,8/10/2018,6669
310,icastagnec9@quantcast.com,Ives,Castagne,Male,3/27/2004,5855
330,eberrowca@java.com,Erich,Berrow,Male,2/17/2015,1175
774,bcorsarcb@t-online.de,Blondelle,Corsar,Female,4/24/2016,4074
305,cciobutarucc@xinhuanet.com,Christie,Ciobutaru,Female,12/12/2004,468
937,afaggecd@bizjournals.com,Andria,Fagge,Female,9/26/2010,107
776,cforkerce@usda.gov,Cordey,Forker,Female,12/6/2018,346
839,lleguaycf@cloudflare.com,Leora,Leguay,Female,10/2/2015,7055
195,ckuschacg@parallels.com,Chad,Kuscha,Male,12/28/2009,8714
877,cdraych@microsoft.com,Celle,Dray,Female,6/21/2008,5734
141,sarmfirldci@narod.ru,Sileas,Armfirld,Female,4/9/2004,4172
187,omiltoncj@storify.com,Orly,Milton,Female,1/20/2016,2035
305,dfarrantck@github.io,Drud,Farrant,Bigender,7/22/2017,5908
863,jleedcl@unblog.fr,Joshua,Leed,Male,8/4/2018,8148
576,mhammondscm@prnewswire.com,Millard,Hammonds,Male,4/19/2002,5469
652,sgilliscn@nydailynews.com,Suzette,Gillis,Female,2/9/2004,9030
838,hfeldheimco@google.ru,Herold,Feldheim,Male,7/31/2003,8575
808,cscotchercp@a8.net,Cassi,Scotcher,Female,4/26/2018,4365
903,jadaircq@devhub.com,Joel,Adair,Polygender,7/4/2001,2345
388,tibelcr@usa.gov,Tracy,Ibel,Female,5/3/2006,3291
492,mcapnorcs@biglobe.ne.jp,Marlowe,Capnor,Male,11/19/2010,6558
462,mdrillingcourtct@etsy.com,Melisa,Drillingcourt,Female,8/20/2019,3487
911,bglaisnercu@webmd.com,Beltran,Glaisner,Male,1/27/2022,3098
419,bchitsoncv@reference.com,Bron,Chitson,Male,10/21/2006,3929
661,cespcw@ycombinator.com,Constance,Esp,Female,5/16/2005,2883
24,mchansonnaucx@theglobeandmail.com,Marcia,Chansonnau,Agender,2/23/2017,460
718,earnotcy@slate.com,Elnar,Arnot,Bigender,7/23/2016,5367
992,caxelbycz@blogspot.com,Carita,Axelby,Genderfluid,5/2/2005,1117
942,yputleyd0@discuz.net,Yule,Putley,Male,11/19/2002,8115
374,wjointd1@shinystat.com,Wallas,Joint,Male,12/6/2017,9313
686,emacveand2@blogger.com,Erminia,MacVean,Female,1/19/2013,1376
195,pwickend3@bluehost.com,Peg,Wicken,Female,7/13/2015,7093
320,zgilld4@yolasite.com,Zaneta,Gill,Female,4/5/2006,9937
174,mdaind5@guardian.co.uk,Maxim,Dain,Male,8/16/2013,7935
492,wvoffd6@g.co,Westbrooke,Voff,Male,4/14/2009,8218
685,wbelfittd7@ucsd.edu,Windham,Belfitt,Male,10/8/2011,7956
707,eadamczewskid8@samsung.com,Elisha,Adamczewski,Bigender,3/31/2004,8545
308,dpavyd9@lycos.com,Dunstan,Pavy,Male,6/25/2008,164
41,cjinada@google.com,Chrissy,Jina,Female,1/18/2017,4568
584,skeynddb@forbes.com,Shaylynn,Keynd,Female,4/26/2011,6338
442,gduboisdc@netlog.com,Germain,Dubois,Female,8/30/2006,1297
924,ylaythamdd@qq.com,Yardley,Laytham,Bigender,4/30/2004,4455
37,kshepheardde@salon.com,Kakalina,Shepheard,Female,7/11/2006,4453
613,jlumsdondf@biblegateway.com,Jonathan,Lumsdon,Male,12/15/2021,3278
539,lmatessiandg@netvibes.com,Lucas,Matessian,Male,1/9/2009,3859
73,ghuggilldh@twitter.com,Grier,Huggill,Female,6/18/2020,8327
902,prosenhausdi@google.co.jp,Pepito,Rosenhaus,Male,10/28/2019,8613
178,evecarddj@uol.com.br,Enrica,Vecard,Female,3/15/2012,3817
100,jcyphusdk@surveymonkey.com,Juliette,Cyphus,Female,2/17/2009,3377
794,wblameydl@edublogs.org,Willem,Blamey,Male,10/14/2020,9834
253,fbottomdm@rambler.ru,Fina,Bottom,Polygender,7/9/2019,4216
744,alyburndn@theglobeandmail.com,Aguie,Lyburn,Male,10/13/2020,2319
65,dgritsunovdo@nasa.gov,Dwight,Gritsunov,Male,7/4/2012,8711
498,ckonraddp@skype.com,Constantine,Konrad,Male,4/10/2004,4173
943,dmordq@wikispaces.com,Desiree,Mor,Female,4/9/2020,3015
524,fhackletondr@ezinearticles.com,Freida,Hackleton,Polygender,9/27/2010,6689
139,bcrowleyds@newyorker.com,Burnard,Crowley,Male,5/4/2022,1194
239,eburnalldt@ning.com,Emmott,Burnall,Male,3/2/2006,5749
108,mshortodu@epa.gov,Mindy,Shorto,Female,8/9/2019,5625
822,egiacoppolidv@psu.edu,Em,Giacoppoli,Female,4/5/2002,2631
791,lmcclintondw@youku.com,Larine,McClinton,Female,3/28/2022,7397
219,bwhinneydx@acquirethisname.com,Blinni,Whinney,Female,10/28/2010,3847
307,gpennydy@harvard.edu,Geoff,Penny,Bigender,8/25/2008,7439
274,dhagleydz@gov.uk,Dara,Hagley,Female,7/19/2008,982
425,rcostine0@columbia.edu,Reube,Costin,Male,7/26/2002,6570
938,jshieldse1@shutterfly.com,Jehu,Shields,Male,3/31/2017,7602
589,cstrottone2@google.com.au,Corilla,Strotton,Female,6/5/2010,3618
757,dphilippaulte3@adobe.com,Dorelle,Philippault,Female,6/24/2016,1056
188,tlotone4@indiegogo.com,Teirtza,Loton,Non-binary,12/12/2014,3069
350,dkendrewe5@google.it,Dal,Kendrew,Male,7/4/2006,6041
7,cwingare6@flavors.me,Chilton,Wingar,Male,5/27/2003,4230
117,rattenburrowe7@example.com,Ray,Attenburrow,Female,2/4/2011,8255
916,tmaccolme8@dropbox.com,Tomkin,MacColm,Male,8/3/2013,7589
185,ngruszeckie9@themeforest.net,Novelia,Gruszecki,Female,10/23/2015,6891
4,balejandreea@psu.edu,Bonni,Alejandre,Female,7/25/2003,3005
542,tlohoareb@mysql.com,Trude,Lohoar,Female,12/30/2016,6601
74,bwhittonec@woothemes.com,Beverlee,Whitton,Female,8/29/2014,5209
524,gferraroed@ed.gov,Godfry,Ferraro,Male,12/26/2021,2973
466,amcallasteree@studiopress.com,Andrea,McAllaster,Male,4/2/2006,9513
349,ljeffreyef@latimes.com,Leda,Jeffrey,Female,3/12/2014,7643
335,ahenzleyeg@virginia.edu,Arabella,Henzley,Female,9/19/2009,1937
736,shruseh@adobe.com,Sharia,Hrus,Female,12/25/2007,1980
243,mmewhirterei@xrea.com,Mitzi,Mewhirter,Female,3/14/2012,9035
248,kcrumlyej@kickstarter.com,Kaspar,Crumly,Male,12/4/2021,4172
540,elancleyek@sourceforge.net,Elwood,Lancley,Male,4/19/2019,4260
1000,wjansenel@ihg.com,Worthy,Jansen,Male,1/29/2002,9570
700,sbloschkeem@cafepress.com,Skippy,Bloschke,Non-binary,2/3/2003,9558
600,npenningen@blogs.com,Nikki,Penning,Male,10/15/2014,4570
41,jshobbrookeo@exblog.jp,Jerrie,Shobbrook,Male,3/2/2016,9321
687,dtolandep@mapy.cz,Dominga,Toland,Female,8/10/2011,8560
145,lcantoreq@nydailynews.com,Lorin,Cantor,Male,4/27/2009,8494
653,rcoateer@admin.ch,Rocky,Coate,Male,3/19/2008,9010
861,fdelahuntyes@nba.com,Florella,Delahunty,Female,4/24/2004,9228
50,nvellacottet@ucoz.com,Nev,Vellacott,Male,11/1/2003,9364
332,lheinerteu@squarespace.com,Lillian,Heinert,Female,4/1/2007,5498
212,mwilcotev@miitbeian.gov.cn,Montague,Wilcot,Male,3/29/2005,9857
426,rnapoleonew@com.com,Reuben,Napoleon,Male,10/15/2008,1113
564,lbutteryex@google.nl,Laureen,Buttery,Genderqueer,1/1/2019,903
802,amenauteauey@webs.com,Abelard,Menauteau,Male,1/18/2007,6577
279,bmilbourneez@engadget.com,Berrie,Milbourne,Female,3/5/2003,5178
746,aalkinsf0@bbb.org,Ange,Alkins,Female,12/13/2019,860
167,gblackallerf1@census.gov,Geoffrey,Blackaller,Non-binary,8/10/2002,3353
955,dcraigsf2@opera.com,Devondra,Craigs,Genderqueer,8/4/2008,6795
190,ddombf3@etsy.com,Denver,Domb,Male,12/8/2003,1199
813,llimbournef4@constantcontact.com,Lawton,Limbourne,Male,8/13/2020,2057
661,mdaillyf5@soup.io,Minnie,Dailly,Non-binary,2/20/2017,430
137,fpittemf6@ucoz.com,Faina,Pittem,Non-binary,11/23/2003,4682
684,mapthorpef7@webs.com,Mickie,Apthorpe,Male,1/19/2017,3045
411,lwallesf8@house.gov,Linnet,Walles,Female,2/8/2003,4725
6,mhuorticf9@redcross.org,Malissa,Huortic,Female,11/27/2015,3613
936,bkurdanifa@xing.com,Bobby,Kurdani,Male,12/14/2021,9564
699,ahawsonfb@reverbnation.com,Allison,Hawson,Female,10/8/2018,3313
202,lnorthcottfc@oracle.com,Lionello,Northcott,Genderqueer,9/7/2021,9913
461,dheapsfd@cmu.edu,Derry,Heaps,Male,5/7/2004,114
252,kmathetfe@deviantart.com,Kimberlyn,Mathet,Female,2/18/2018,4418
278,ebussonsff@cbsnews.com,El,Bussons,Male,8/8/2017,9228
410,fhealeasfg@godaddy.com,Fanchette,Healeas,Female,7/10/2018,2776
691,lchealesfh@cloudflare.com,Loydie,Cheales,Male,6/14/2004,1066
385,tstaplefordfi@freewebs.com,Trudy,Stapleford,Female,4/8/2020,8998
62,reveristfj@a8.net,Rosella,Everist,Female,8/27/2016,8037
721,gconnellfk@chron.com,Gilles,Connell,Male,12/13/2005,4160
810,gcrummiefl@miitbeian.gov.cn,Guido,Crummie,Male,3/12/2020,6922
720,cperrittfm@ameblo.jp,Curry,Perritt,Male,9/4/2006,3719
676,sferrilliofn@ehow.com,Saleem,Ferrillio,Male,5/21/2020,7100
737,rgogayfo@state.gov,Ros,Gogay,Female,7/25/2002,8379
266,idederickfp@cbc.ca,Imelda,Dederick,Female,6/11/2014,2505
638,lblightfq@nydailynews.com,Luther,Blight,Male,3/29/2006,5032
361,mbeiderbeckfr@irs.gov,Mar,Beiderbeck,Male,5/15/2010,8208
189,mmoattfs@economist.com,Matt,Moatt,Male,3/8/2018,1995
901,lwestermanft@gravatar.com,Lief,Westerman,Male,11/19/2009,3299
530,celsterfu@house.gov,Cheston,Elster,Male,1/17/2010,7512
224,asprowsonfv@cisco.com,Anatola,Sprowson,Female,12/20/2019,3081
382,ccucuzzafw@yellowbook.com,Cindi,Cucuzza,Female,12/26/2001,7502
502,mscarsefx@newsvine.com,Morey,Scarse,Male,12/22/2020,2984
549,klipprosefy@techcrunch.com,Kirk,Lipprose,Male,4/27/2013,1898
229,cguerrerofz@gravatar.com,Carlos,Guerrero,Male,8/14/2010,4503
348,smoormang0@npr.org,Sybilla,Moorman,Female,4/20/2010,4615
961,efinnesg1@bizjournals.com,Ealasaid,Finnes,Female,4/26/2019,9475
899,blinekerg2@bloomberg.com,Britni,Lineker,Female,2/27/2008,4333
270,jpachg3@princeton.edu,Josie,Pach,Female,6/2/2021,8118
827,ocaruthg4@cyberchimps.com,Ophelie,Caruth,Female,5/16/2009,1704
778,mhorderg5@indiatimes.com,Millard,Horder,Male,1/19/2002,1524
849,mfyersg6@vkontakte.ru,Michel,Fyers,Male,1/2/2006,8506
406,mcarruthg7@a8.net,Munmro,Carruth,Male,11/21/2021,1561
896,dboydg8@accuweather.com,Devondra,Boyd,Female,4/25/2011,5576
850,dkenderg9@whitehouse.gov,Doti,Kender,Female,9/10/2021,2140
603,kalekhovga@chronoengine.com,Kay,Alekhov,Female,6/7/2001,3520
689,lwindlegb@microsoft.com,Lewes,Windle,Male,9/23/2021,353
861,lbannistergc@barnesandnoble.com,Lettie,Bannister,Bigender,12/6/2010,6273
578,grudolfergd@thetimes.co.uk,Gene,Rudolfer,Female,6/22/2021,8993
925,tlovelockge@amazon.com,Taryn,Lovelock,Female,11/30/2001,8629
723,jmcgivengf@wp.com,Jackie,McGiven,Female,9/8/2002,2840
712,ecargillgg@latimes.com,Ezra,Cargill,Male,4/3/2016,6397
342,spharoahgh@alibaba.com,Sheff,Pharoah,Male,8/6/2009,1490
149,mrollingsgi@ifeng.com,Michaeline,Rollings,Female,10/14/2019,1159
290,cgrosegj@taobao.com,Christean,Grose,Female,11/8/2004,8257
273,lgozzettgk@bloomberg.com,Lance,Gozzett,Male,12/8/2013,6611
243,bgrimmergl@wordpress.com,Brande,Grimmer,Female,5/7/2010,3426
2,erodolicogm@i2i.jp,Edna,Rodolico,Female,3/28/2003,5717
68,fbrentnallgn@google.es,Forster,Brentnall,Male,11/29/2011,8287
706,cchessillgo@qq.com,Caleb,Chessill,Male,10/14/2013,9347
170,skilfeathergp@redcross.org,Steward,Kilfeather,Male,1/24/2007,3741
170,esoonhousegq@barnesandnoble.com,Emmey,Soonhouse,Female,1/7/2010,2078
716,vhillsgr@usgs.gov,Veriee,Hills,Genderfluid,1/18/2011,9664
184,lbithellgs@state.gov,Langston,Bithell,Male,8/10/2001,1398
925,tjerrimgt@chronoengine.com,Tatiana,Jerrim,Female,12/27/2011,9386
980,cphettisgu@unc.edu,Corey,Phettis,Female,12/29/2007,4913
725,lretchlessgv@omniture.com,Lewiss,Retchless,Male,8/8/2011,8383
606,hmacgowngw@pagesperso-orange.fr,Herta,MacGown,Female,10/29/2008,7297
701,pbradmangx@abc.net.au,Pearline,Bradman,Female,5/1/2010,1245
387,braybouldgy@bluehost.com,Brinn,Raybould,Female,6/2/2019,9088
86,jcorkhillgz@zdnet.com,Jewelle,Corkhill,Genderfluid,9/21/2003,3892
242,dmaskillh0@istockphoto.com,Davide,Maskill,Male,11/1/2018,716
571,cwestmerlandh1@vistaprint.com,Carmella,Westmerland,Female,1/7/2017,8587
692,iedensh2@scientificamerican.com,Ingrim,Edens,Male,7/24/2003,3891
755,kdineharth3@typepad.com,Kristen,Dine-Hart,Female,12/20/2013,5244
734,ftaddh4@java.com,Fowler,Tadd,Male,7/25/2020,1207
906,bbrewetth5@va.gov,Barthel,Brewett,Male,12/8/2018,6191
981,mromeh6@topsy.com,Marcia,Rome,Female,7/7/2021,6754
430,tlynaghh7@alibaba.com,Taite,Lynagh,Male,4/1/2022,8591
801,aabramofh8@businessweek.com,Artemas,Abramof,Non-binary,2/10/2022,4801
444,mfranssenh9@macromedia.com,Merlina,Franssen,Female,3/6/2019,6171
69,ccrispha@kickstarter.com,Camilla,Crisp,Female,12/27/2005,3918
408,hcurranhb@uol.com.br,Helen-elizabeth,Curran,Female,12/19/2018,6061
290,cmorbeyhc@harvard.edu,Cynthy,Morbey,Female,12/22/2014,3194
681,gbostickhd@adobe.com,Gretta,Bostick,Female,7/9/2006,3361
223,hfleishe@apache.org,Haleigh,Fleis,Male,11/24/2003,5310
693,ktunnicliffehf@miibeian.gov.cn,Keene,Tunnicliffe,Male,10/10/2006,6062
224,channehg@hhs.gov,Cindi,Hanne,Female,12/19/2013,4216
244,gdaintonhh@ocn.ne.jp,Giselbert,Dainton,Male,3/23/2016,9316
270,fheinrichhi@wordpress.org,Friedrick,Heinrich,Male,8/27/2007,222
190,cbosnellhj@tiny.cc,Chevy,Bosnell,Male,11/11/2004,4955
702,dvialhk@mozilla.com,Danya,Vial,Male,7/11/2018,9143
873,qreamanhl@ezinearticles.com,Quincy,Reaman,Polygender,7/9/2011,1576
456,bbowermanhm@drupal.org,Bella,Bowerman,Female,11/25/2015,2600
862,poldershawhn@twitter.com,Paten,Oldershaw,Male,8/12/2009,8212
850,jdronho@qq.com,Joella,Dron,Female,5/23/2009,873
40,dglastonburyhp@tmall.com,Dolorita,Glastonbury,Female,7/24/2005,1949
935,rblashq@opensource.org,Ring,Blas,Genderqueer,9/27/2004,8848
99,zwilcehr@photobucket.com,Zacharie,Wilce,Male,5/16/2009,853
288,tsugarhs@ox.ac.uk,Tucky,Sugar,Male,10/20/2010,4643
490,bdoddemeadeht@artisteer.com,Bryant,Doddemeade,Male,1/21/2014,6316
423,cbassillhu@uol.com.br,Carny,Bassill,Male,11/23/2004,3044
668,rvarrenhv@home.pl,Richmound,Varren,Male,11/3/2008,7102
488,mbraundthw@cam.ac.uk,Meghan,Braundt,Female,10/29/2007,2902
723,rdemariahx@google.es,Rosy,De Maria,Non-binary,9/26/2004,3430
511,kmacdaidhy@dot.gov,Kelci,MacDaid,Female,1/2/2006,5834
533,dsextyhz@blogs.com,Dasya,Sexty,Female,8/8/2003,4248
534,lsilversmidi0@usa.gov,Les,Silversmid,Male,10/4/2018,4318
888,yyarnleyi1@bluehost.com,Yorgos,Yarnley,Male,2/23/2014,7996
408,wealami2@miibeian.gov.cn,Welsh,Ealam,Male,9/7/2012,6631
124,lstemsoni3@amazon.com,Lusa,Stemson,Non-binary,1/6/2019,2086
187,tbenezi4@cocolog-nifty.com,Thaxter,Benez,Male,7/2/2012,4603
663,mshooteri5@arizona.edu,Mariana,Shooter,Female,5/6/2005,3659
741,aniavesi6@vimeo.com,Adan,Niaves,Female,11/11/2005,1344
251,mmunroi7@printfriendly.com,Margeaux,Munro,Genderqueer,1/26/2018,9670
309,vbromonti8@who.int,Vicki,Bromont,Female,4/21/2009,9618
813,shawkswoodi9@harvard.edu,Sheelah,Hawkswood,Female,7/23/2015,6434
890,cwrankmoreia@mail.ru,Claretta,Wrankmore,Female,12/6/2019,5674
340,eplanqueib@oakley.com,Elnar,Planque,Male,11/28/2016,8526
607,ebrownfieldic@google.it,Ezri,Brownfield,Male,6/6/2014,4596
852,bleblondid@businesswire.com,Britney,Le Blond,Female,9/16/2016,6673
434,vseefeldtie@bloglovin.com,Vasili,Seefeldt,Non-binary,4/14/2018,3912
943,cotuohyif@bloglovin.com,Cobb,O'Tuohy,Male,11/5/2004,2307
217,asaltsbergig@nih.gov,Andrus,Saltsberg,Male,3/24/2019,1746
917,sfrancilloih@geocities.jp,Sandro,Francillo,Male,6/29/2018,1024
592,dcunneyii@marriott.com,Dannel,Cunney,Male,5/24/2001,5352
341,dsodorij@ow.ly,Dylan,Sodor,Male,11/18/2016,2811
820,jstitwellik@mashable.com,Jareb,Stitwell,Male,4/4/2008,2633
641,scouronneil@exblog.jp,Stefanie,Couronne,Female,6/29/2011,4789
35,mkennettim@prnewswire.com,Melinde,Kennett,Female,5/2/2015,8187
54,vanneyin@cloudflare.com,Virginia,Anney,Female,1/15/2009,9608
779,ffretterio@nytimes.com,Francis,Fretter,Male,9/5/2005,3477
502,fjemmisonip@apache.org,Fawn,Jemmison,Female,9/25/2016,8446
929,gbasindaleiq@goo.ne.jp,Godfry,Basindale,Male,2/24/2009,8489
909,kwhichelowir@altervista.org,Keely,Whichelow,Female,4/21/2003,2641
855,dhoffmannis@go.com,Deloris,Hoffmann,Female,4/8/2015,1702
602,dmapleit@ibm.com,Dev,Maple,Male,6/2/2001,6053
585,jpepiniu@dion.ne.jp,Judy,Pepin,Female,4/21/2022,3970
978,sdeboickiv@phoca.cz,Slade,Deboick,Male,4/23/2003,1323
854,dfudgeiw@squidoo.com,Delmor,Fudge,Male,4/15/2019,9814
685,mluetyix@npr.org,Miriam,Luety,Female,9/19/2012,280
819,ghardyiy@ycombinator.com,Goldarina,Hardy,Female,12/12/2009,2518
503,mrebillardiz@list-manage.com,Mab,Rebillard,Female,8/7/2003,6098
10,rgarfathj0@last.fm,Raychel,Garfath,Female,6/12/2008,2631
578,lborleacej1@icq.com,Layton,Borleace,Male,6/29/2021,7252
344,rrenihanj2@artisteer.com,Raoul,Renihan,Male,12/29/2013,6440
681,alakesj3@cbslocal.com,Ange,Lakes,Male,12/2/2011,439
490,hheinickej4@youtu.be,Hunfredo,Heinicke,Agender,5/20/2010,4869
149,targhentj5@tripadvisor.com,Trisha,Arghent,Female,7/25/2009,3555
437,swinksj6@mlb.com,Star,Winks,Female,3/12/2003,4275
919,cgardinerj7@springer.com,Clementius,Gardiner,Male,5/17/2013,9789
960,lmatuszykj8@tumblr.com,Lemuel,Matuszyk,Male,1/17/2006,3567
837,jsewleyj9@google.com.br,Jeni,Sewley,Female,12/4/2014,2552
589,smaseyja@intel.com,Sianna,Masey,Female,1/20/2010,1143
741,bscarfjb@mozilla.com,Brigitta,Scarf,Female,11/29/2014,7631
512,dalderjc@ft.com,Dicky,Alder,Male,1/31/2005,6225
380,pgawthropejd@domainmarket.com,Parker,Gawthrope,Male,11/1/2011,3907
251,tmarsyje@ameblo.jp,Tatiana,Marsy,Female,6/23/2009,6590
385,rgroocockjf@google.co.jp,Roley,Groocock,Male,6/12/2008,8769
932,tvilajg@squidoo.com,Trude,Vila,Female,8/23/2007,7051
432,ntethacotjh@e-recht24.de,Noelyn,Tethacot,Female,6/24/2012,983
717,ascanlanji@i2i.jp,Abel,Scanlan,Bigender,3/21/2008,3813
344,ratkinsjj@nbcnews.com,Rosamond,Atkins,Female,6/3/2014,294
11,iminesjk@sina.com.cn,Isabeau,Mines,Female,3/27/2004,2640
517,glangforthjl@google.com,Granger,Langforth,Male,1/2/2007,4244
176,rcouldwelljm@pbs.org,Reinwald,Couldwell,Male,6/6/2007,2746
819,pwinsleyjn@wufoo.com,Pepe,Winsley,Male,7/3/2005,2416
432,bseaterjo@bravesites.com,Brooke,Seater,Male,6/5/2019,4534
131,cgraundissonjp@paginegialle.it,Cleopatra,Graundisson,Female,6/3/2013,5570
519,bsousterjq@indiegogo.com,Base,Souster,Male,6/22/2013,6286
661,dmalingjr@dion.ne.jp,Derby,Maling,Male,5/29/2013,8707
684,dcouvertjs@blogger.com,Dionis,Couvert,Female,10/1/2006,3381
159,hhaningtonjt@intel.com,Humfrey,Hanington,Male,10/4/2019,5612
456,acowndleyju@opensource.org,Adrea,Cowndley,Female,2/10/2014,1138
574,jboatjv@people.com.cn,Joycelin,Boat,Female,4/6/2012,7773
543,dlamzedjw@alibaba.com,Dell,Lamzed,Female,1/23/2008,8734
37,rmattiazzijx@whitehouse.gov,Roch,Mattiazzi,Female,2/14/2015,8926
102,cguyetjy@toplist.cz,Caesar,Guyet,Male,9/5/2019,2870
429,vcussenjz@chicagotribune.com,Victoir,Cussen,Male,6/16/2013,6300
535,ljeramk0@youku.com,Lawry,Jeram,Polygender,11/21/2006,3387
615,hmatonk1@soundcloud.com,Hildegaard,Maton,Female,4/8/2009,6168
782,cgarryk2@wikipedia.org,Chloette,Garry,Female,12/11/2013,2908
474,cmicklemk3@nationalgeographic.com,Celestia,Micklem,Female,1/6/2014,2268
185,sharrissonk4@myspace.com,Sawyer,Harrisson,Male,12/5/2019,5464
905,cstottk5@soup.io,Cirillo,Stott,Genderqueer,4/24/2022,5350
857,bdannellk6@simplemachines.org,Bathsheba,Dannell,Female,6/20/2005,1686
775,cgallaherk7@vimeo.com,Cammy,Gallaher,Male,6/8/2019,665
137,gbartlamk8@google.nl,Garek,Bartlam,Male,1/5/2021,4023
427,lcolvillk9@goo.ne.jp,Lennard,Colvill,Male,12/21/2007,1138
749,nshoosmithka@icio.us,Nanny,Shoosmith,Female,10/17/2012,3257
254,rduckettkb@timesonline.co.uk,Ricky,Duckett,Male,1/22/2019,2648
960,remilienkc@google.it,Rubia,Emilien,Female,2/16/2022,9782
237,jwenderottkd@bing.com,Juliette,Wenderott,Bigender,8/31/2021,4974
704,gwatlingke@aboutads.info,Georgianna,Watling,Female,6/1/2008,4071
379,lbarthramkf@sun.com,Lurlene,Barthram,Female,2/11/2008,5751
840,dcaplinkg@fema.gov,Danya,Caplin,Male,6/12/2012,1998
871,sdellekh@ft.com,Sandye,Delle,Genderfluid,9/18/2018,4885
109,fwichardki@constantcontact.com,Frederik,Wichard,Male,7/26/2013,1415
584,lcoldhamkj@businessweek.com,Lucio,Coldham,Non-binary,12/17/2019,3409
778,srableaukk@list-manage.com,Sheelah,Rableau,Female,9/7/2009,3935
223,ecorlettkl@google.nl,Emerson,Corlett,Male,6/18/2003,6074
212,tpardiekm@microsoft.com,Teodoro,Pardie,Male,12/9/2013,2360
665,spretiouskn@mac.com,Sal,Pretious,Female,8/12/2014,6802
511,nfyndonko@youtube.com,Norina,Fyndon,Female,9/29/2014,1606
491,syurkinkp@businesswire.com,Stirling,Yurkin,Male,6/6/2002,1688
678,mphilipsohnkq@google.com.br,Marylin,Philipsohn,Female,2/10/2020,725
585,gkillkr@seesaa.net,Griffith,Kill,Male,3/26/2019,8057
233,bludlomks@ehow.com,Bary,Ludlom,Male,11/13/2001,2138
909,vfinekt@ucoz.ru,Veda,Fine,Female,7/2/2010,830
953,bdoryku@ustream.tv,Brendin,Dory,Male,8/18/2003,5651
78,rhearlekv@walmart.com,Randolph,Hearle,Male,5/7/2006,8291
4,carnholzkw@mysql.com,Carrie,Arnholz,Female,12/22/2019,4675
726,nasplandkx@wordpress.org,Norby,Aspland,Male,11/28/2016,3863
339,gmcgawnky@bigcartel.com,Genevieve,McGawn,Female,8/22/2009,6318
487,gboskellkz@spiegel.de,Gan,Boskell,Male,12/9/2004,4025
258,mtoughl0@sina.com.cn,Mariellen,Tough,Genderfluid,10/16/2013,7668
192,tscadel1@bloglines.com,Tillie,Scade,Female,9/23/2017,1160
553,gborkinl2@cmu.edu,Gnni,Borkin,Female,2/27/2009,6158
528,ltacklel3@cmu.edu,Luce,Tackle,Male,6/19/2016,9864
653,umackimmiel4@gizmodo.com,Ulrick,MacKimmie,Male,12/25/2010,8651
721,mcowlasl5@simplemachines.org,Mead,Cowlas,Female,4/6/2003,4339
24,bingerl6@theglobeandmail.com,Benjamen,Inger,Male,6/19/2005,2477
330,lskeldingel7@geocities.com,Lilli,Skeldinge,Female,3/9/2017,4433
414,kmargachl8@sciencedirect.com,Karen,Margach,Female,6/13/2008,6972
919,kmimmackl9@tumblr.com,Kellina,Mimmack,Female,4/6/2014,9265
3,bforrestorla@blog.com,Brena,Forrestor,Female,12/25/2019,6900
958,jczajkowskalb@vinaora.com,Jo-ann,Czajkowska,Female,12/24/2020,9240
850,lsemechiklc@chicagotribune.com,Lawton,Semechik,Male,3/6/2007,9539
180,fcudiffld@paypal.com,Frayda,Cudiff,Female,1/17/2016,8334
76,pburkillle@bloglovin.com,Pierson,Burkill,Male,9/6/2005,3417
459,gbulbecklf@istockphoto.com,Gabriell,Bulbeck,Female,10/20/2005,8635
224,cliversedgelg@salon.com,Carola,Liversedge,Female,5/16/2013,1852
179,emcharrylh@sohu.com,Ely,McHarry,Male,5/14/2020,9847
937,rpinnionli@dot.gov,Reinald,Pinnion,Male,9/23/2006,9634
153,gdemicolilj@marketwatch.com,Georas,Demicoli,Male,8/22/2001,9113
87,pledekerlk@techcrunch.com,Pauly,Ledeker,Male,2/19/2019,6775
189,cayarsll@google.de,Codie,Ayars,Male,2/8/2012,8961
68,mbiaggiottilm@list-manage.com,Marlon,Biaggiotti,Male,10/4/2016,4423
667,seaglandln@reddit.com,Sigrid,Eagland,Female,2/3/2019,9591
209,zbaggarleylo@drupal.org,Zonnya,Baggarley,Female,6/30/2012,2905
119,ilinhamlp@seattletimes.com,Iorgos,Linham,Male,8/6/2013,2663
646,clettslq@blinklist.com,Cacilie,Letts,Female,9/26/2016,2735
639,tclifflr@stanford.edu,Tiff,Cliff,Agender,10/7/2006,5651
916,dstronoughls@who.int,Dorian,Stronough,Female,8/1/2012,7338
717,dgartshorelt@independent.co.uk,Daphne,Gartshore,Female,4/16/2018,7998
856,gjuniferlu@taobao.com,Gaultiero,Junifer,Male,5/25/2001,2962
144,hforcelv@xing.com,Hendrik,Force,Male,6/5/2005,4574
755,mcantualw@nba.com,Michele,Cantua,Male,1/20/2015,8203
574,tremmerlx@theatlantic.com,Trenton,Remmer,Male,7/8/2005,9576
627,jconyerly@cyberchimps.com,Josi,Conyer,Female,10/26/2018,3194
945,czammittlz@businesswire.com,Cassius,Zammitt,Male,5/1/2010,1689
896,ethiemm0@gnu.org,Ediva,Thiem,Female,7/11/2003,773
54,lcissellm1@twitter.com,Luciano,Cissell,Male,1/16/2003,6721
863,mdanniellm2@jigsy.com,Maisey,Danniell,Female,3/29/2003,6509
287,cyantsurevm3@illinois.edu,Clementia,Yantsurev,Female,8/14/2006,9734
914,ktaborm4@chronoengine.com,Kimberlyn,Tabor,Female,3/20/2006,9440
834,fgoadm5@paypal.com,Florina,Goad,Female,2/6/2010,3141
557,mhaggerm6@typepad.com,Mireielle,Hagger,Non-binary,4/13/2009,4017
469,wmccarrellm7@shop-pro.jp,Whitney,McCarrell,Male,5/15/2014,1298
366,bsalergm8@un.org,Boothe,Salerg,Male,11/15/2019,4786
560,gbrowningm9@dyndns.org,Garrard,Browning,Male,10/18/2019,8129
665,rbrickhamma@twitter.com,Read,Brickham,Male,7/13/2020,1524
485,cstebbinsmb@surveymonkey.com,Crosby,Stebbins,Male,2/25/2012,707
296,cgosneymc@icio.us,Carla,Gosney,Genderfluid,11/14/2005,3349
797,fsilvermd@123-reg.co.uk,Francyne,Silver,Female,5/16/2006,1486
528,nfroschme@feedburner.com,Nicky,Frosch,Male,5/25/2004,3766
418,skeirmf@blinklist.com,Shanta,Keir,Female,9/16/2005,7111
666,swaypermg@mysql.com,Stacie,Wayper,Female,6/6/2019,5314
681,jcarbrymh@census.gov,Juli,Carbry,Female,3/20/2011,1687
444,jpetremi@bandcamp.com,Jereme,Petre,Male,7/21/2004,7573
134,fbelchermj@weebly.com,Fletcher,Belcher,Male,9/14/2016,2223
510,nalbertsmk@who.int,Noelle,Alberts,Female,2/18/2013,6050
525,ddarnellml@slashdot.org,Dorey,Darnell,Female,5/25/2004,6102
321,palveymm@nature.com,Prescott,Alvey,Male,9/6/2008,1844
446,ireinischmn@spotify.com,Ingrim,Reinisch,Male,4/27/2004,4185
806,bdannehlmo@mozilla.com,Budd,Dannehl,Male,1/22/2005,5436
333,athelwllmp@reuters.com,Austine,Thelwll,Female,7/15/2015,6312
932,emottrammq@fema.gov,Eyde,Mottram,Female,6/12/2002,317
794,easselmr@wikipedia.org,Earl,Assel,Male,12/9/2005,4256
913,wwenmanms@eventbrite.com,Wynne,Wenman,Female,12/16/2002,9869
826,gwalczakmt@ed.gov,Goldie,Walczak,Agender,1/1/2021,3942
372,jdibartolomeomu@wix.com,Javier,Di Bartolomeo,Male,5/17/2007,8819
966,etunnickmv@technorati.com,Emiline,Tunnick,Female,7/13/2009,4429
606,csevinmw@printfriendly.com,Christina,Sevin,Female,7/10/2002,5224
746,lgillionsmx@auda.org.au,Lindon,Gillions,Male,10/22/2016,7766
600,isperskimy@samsung.com,Isacco,Sperski,Male,10/6/2005,6181
740,amurchmz@oracle.com,Antonio,Murch,Male,4/6/2007,7761
230,btinen0@goo.ne.jp,Brock,Tine,Male,12/28/2011,4594
511,wbeadmann1@wiley.com,Waylen,Beadman,Male,12/6/2007,7165
51,shogginn2@telegraph.co.uk,Sydney,Hoggin,Female,6/12/2002,1708
359,etullyn3@pcworld.com,Ertha,Tully,Female,4/12/2011,9647
81,eguilliattn4@51.la,Earl,Guilliatt,Male,12/24/2007,7181
39,msnadenn5@geocities.com,Mitchael,Snaden,Male,8/4/2014,497
930,vtruckettn6@army.mil,Vachel,Truckett,Male,5/14/2005,1882
939,fcrossgroven7@nps.gov,Flynn,Crossgrove,Male,6/3/2005,351
611,acrummayn8@fda.gov,Adolph,Crummay,Polygender,5/9/2013,6464
653,nsiretten9@odnoklassniki.ru,Nadiya,Sirette,Female,4/10/2013,9202
747,llambshinena@delicious.com,Luciano,Lamb-shine,Male,3/7/2003,5893
274,jwoolmorenb@shutterfly.com,Jocelyne,Woolmore,Genderqueer,12/12/2019,4548
645,rpineauxnc@people.com.cn,Rikki,Pineaux,Female,4/27/2016,1664
965,gbuttlernd@disqus.com,Gayleen,Buttler,Female,7/21/2005,8124
986,jbreitne@bloglovin.com,Janith,Breit,Female,7/2/2003,3106
961,ccrannachnf@statcounter.com,Cord,Crannach,Male,11/21/2021,4184
318,rkenyamng@ed.gov,Rosalinde,Kenyam,Female,3/3/2004,2645
817,pmowsonnh@ox.ac.uk,Peri,Mowson,Female,6/2/2011,6483
837,ikaleweni@shinystat.com,Ingmar,Kalewe,Male,2/21/2016,2086
925,dgwionethnj@usa.gov,Dotty,Gwioneth,Female,8/17/2010,1292
418,bsheddannk@nydailynews.com,Berny,Sheddan,Male,8/2/2007,6636
312,dblakestonnl@fc2.com,Deerdre,Blakeston,Female,10/17/2019,653
395,slutwidgenm@twitter.com,Sheffield,Lutwidge,Non-binary,3/24/2021,7315
52,cjammesnn@examiner.com,Codie,Jammes,Male,12/7/2006,3292
126,lbordmanno@netlog.com,Luce,Bordman,Polygender,8/21/2011,5467
943,gbandnp@gov.uk,Garfield,Band,Male,5/5/2014,5038
906,msallierenq@ehow.com,Malynda,Salliere,Female,11/25/2003,9915
494,rmcgaugheynr@gmpg.org,Romeo,McGaughey,Male,3/4/2010,1932
816,gdungeens@unblog.fr,Goldie,Dungee,Female,9/5/2020,8786
767,gmatusovskynt@bbc.co.uk,Georgy,Matusovsky,Male,10/31/2006,1008
396,gbrunningnu@rakuten.co.jp,Gaspar,Brunning,Male,6/2/2017,3692
42,cdoumernv@skype.com,Cory,Doumer,Female,12/8/2009,222
651,rcallwaynw@booking.com,Reuven,Callway,Male,3/7/2009,8836
769,eshepheardnx@nyu.edu,Edmon,Shepheard,Male,12/9/2002,3342
837,jpennacciny@ted.com,Justino,Pennacci,Male,10/7/2001,1121
23,rjellettnz@xinhuanet.com,Reinhard,Jellett,Male,9/24/2007,8610
60,rblakeo0@soundcloud.com,Rafe,Blake,Male,11/4/2020,3837
968,dphiloto1@lulu.com,Dacie,Philot,Female,7/9/2004,4075
456,gbradborneo2@lycos.com,Godiva,Bradborne,Female,11/30/2005,2824
582,jbettleso3@theguardian.com,Jerrylee,Bettles,Female,12/30/2010,680
257,lbowdono4@issuu.com,Lorilyn,Bowdon,Female,12/9/2004,2442
68,omullino5@opera.com,Orella,Mullin,Female,8/11/2019,2830
28,fporkero6@linkedin.com,Fredrick,Porker,Male,4/12/2011,1370
897,rnorkero7@npr.org,Rudolph,Norker,Male,6/6/2005,9491
524,okynastono8@moonfruit.com,Osbourne,Kynaston,Male,3/7/2012,7470
187,pmagnero9@1und1.de,Pennie,Magner,Female,7/26/2005,9567
594,roreganoa@umn.edu,Rafael,O'Regan,Male,11/18/2017,3219
956,ghardeyob@blogs.com,Goddart,Hardey,Male,1/2/2009,7917
47,frebillardoc@ask.com,Ferdinand,Rebillard,Male,2/13/2003,6710
766,groderigood@ovh.net,Glendon,Roderigo,Male,10/20/2015,985
463,mmohammedoe@tuttocitta.it,Marthe,Mohammed,Female,9/26/2019,4626
226,dmccreadyof@a8.net,Dennie,McCready,Female,6/10/2019,5149
446,bviseog@fc2.com,Brnaby,Vise,Male,4/15/2016,7779
622,tlermitoh@europa.eu,Tessa,Lermit,Female,9/24/2013,1201
816,mstanleyoi@yellowpages.com,Marcile,Stanley,Female,11/7/2016,2217
940,bsliddersoj@163.com,Byrann,Slidders,Male,7/8/2012,5860
765,tmiskenok@wired.com,Tibold,Misken,Male,11/28/2021,2602
854,gbrettelleol@dailymotion.com,Gil,Brettelle,Male,10/4/2020,3131
298,kpalffreyom@deliciousdays.com,Kareem,Palffrey,Male,1/30/2020,6307
588,gvarndellon@go.com,Grenville,Varndell,Male,9/20/2002,1833
310,adongalloo@sfgate.com,Antin,Dongall,Male,12/3/2012,8101
917,cleeburnop@etsy.com,Cammie,Leeburn,Female,3/24/2018,6690
786,zarneyoq@wsj.com,Zaneta,Arney,Female,4/14/2006,6448
467,naptedor@dmoz.org,Nani,Apted,Female,6/30/2010,101
311,marmouros@weibo.com,Michaela,Armour,Female,2/13/2013,7233
174,rsurteesot@usda.gov,Ruggiero,Surtees,Male,12/24/2014,1822
203,cballentimeou@de.vu,Catlin,Ballentime,Genderfluid,12/14/2020,8171
62,biacabucciov@seattletimes.com,Brianna,Iacabucci,Female,8/18/2019,6954
639,tleonardeow@psu.edu,Taffy,Leonarde,Female,5/6/2013,4710
47,dkleenox@youtube.com,Daffy,Kleen,Female,11/14/2006,7827
257,kbuckeloy@mysql.com,Kimberlyn,Buckel,Female,2/19/2017,8916
103,cregioz@tamu.edu,Carlyn,Regi,Female,12/17/2017,1582
205,tthickensp0@miibeian.gov.cn,Talbot,Thickens,Male,3/21/2010,8655
736,ameasorp1@skyrock.com,Alfy,Measor,Female,9/8/2007,8166
630,rflintiffp2@sun.com,Randy,Flintiff,Male,10/13/2017,1474
207,dlargentp3@edublogs.org,Derk,L'argent,Polygender,2/14/2017,6986
918,lchattertonp4@cdbaby.com,Linnea,Chatterton,Female,9/5/2008,9031
672,lyessonp5@cnn.com,Leandra,Yesson,Genderfluid,8/17/2005,1731
848,ttumbeltyp6@tinyurl.com,Tate,Tumbelty,Female,5/9/2022,6043
891,mcornforthp7@cornell.edu,Melodee,Cornforth,Female,7/27/2009,4982
684,aharhoffp8@webnode.com,Arturo,Harhoff,Male,7/15/2003,8065
861,obazellp9@twitter.com,Otto,Bazell,Male,5/25/2016,8149
98,bprigmorepa@privacy.gov.au,Buiron,Prigmore,Male,7/9/2012,2614
488,osouthgatepb@jigsy.com,Obed,Southgate,Bigender,8/6/2017,1997
647,mcowlampc@icio.us,Meredith,Cowlam,Male,7/17/2007,8408
717,atorrecillapd@accuweather.com,Anestassia,Torrecilla,Female,10/13/2007,1246
624,ufaucherandpe@linkedin.com,Umberto,Faucherand,Male,12/26/2003,3060
871,dmordeypf@elpais.com,Dedra,Mordey,Female,3/18/2004,836
549,gnattrasspg@hp.com,Goldarina,Nattrass,Female,11/13/2012,7146
53,mkleiserph@yandex.ru,Mandel,Kleiser,Male,5/20/2008,511
453,ltulleypi@sakura.ne.jp,Linea,Tulley,Female,8/19/2017,8380
441,fdomleopj@studiopress.com,Freeman,Domleo,Male,10/21/2018,7477
370,wbuckberrypk@comsenz.com,Windy,Buckberry,Polygender,3/3/2011,400
233,mbosherepl@cargocollective.com,Mariam,Boshere,Female,1/21/2004,4695
146,bgreathampm@blogspot.com,Bernete,Greatham,Female,3/18/2013,6593
133,ewitterpn@dedecms.com,Eartha,Witter,Female,6/19/2006,5372
617,bsunnexpo@marriott.com,Berny,Sunnex,Male,4/27/2012,843
149,ltittertonpp@simplemachines.org,Louisa,Titterton,Female,6/25/2010,2021
129,vhukinpq@ibm.com,Viola,Hukin,Female,8/8/2012,109
734,dlauretpr@noaa.gov,Dorise,Lauret,Female,7/19/2003,4429
424,cvilaps@imageshack.us,Carolyn,Vila,Female,3/20/2003,5331
418,nfowlerpt@ca.gov,Nicholas,Fowler,Male,7/20/2011,7566
751,kkimmingspu@ted.com,Kaspar,Kimmings,Male,1/2/2013,2059
770,bvarianpv@stumbleupon.com,Bartolomeo,Varian,Genderqueer,11/15/2012,3370
46,rchellpw@squarespace.com,Read,Chell,Male,10/12/2006,3895
831,dschulerpx@netvibes.com,Dayna,Schuler,Female,5/8/2014,7879
267,kbethampy@stanford.edu,Kalvin,Betham,Male,10/19/2013,6793
213,ifrowenpz@chron.com,Itch,Frowen,Male,11/13/2020,1887
59,fhaddrellq0@vk.com,Fredrick,Haddrell,Male,1/18/2007,4957
371,aspeakmanq1@wired.com,Auguste,Speakman,Agender,6/25/2005,5285
566,dmakerq2@delicious.com,Dana,Maker,Male,10/27/2010,9501
404,cbrentonq3@cam.ac.uk,Corrine,Brenton,Female,8/25/2005,2435
819,thastwellq4@mediafire.com,Torie,Hastwell,Female,7/25/2013,3116
834,kduigedq5@ifeng.com,Karrah,Duiged,Female,5/30/2010,1226
257,kmenaulq6@ftc.gov,Karen,Menaul,Female,3/15/2017,979
598,chammersonq7@umich.edu,Carma,Hammerson,Female,6/2/2012,8444
745,bgiamettiq8@digg.com,Bobby,Giametti,Polygender,12/19/2011,2481
110,lalennikovq9@cloudflare.com,Lissy,Alennikov,Female,12/24/2004,4645
970,nziemeqa@edublogs.org,Nicolette,Zieme,Female,6/13/2005,7575
854,skinghorneqb@princeton.edu,Sorcha,Kinghorne,Female,5/18/2017,1247
391,cmcdonaghqc@people.com.cn,Clyde,McDonagh,Non-binary,9/11/2003,9514
720,kibbetsonqd@forbes.com,Karlan,Ibbetson,Male,4/15/2016,2099
136,gkruschevqe@reverbnation.com,Garland,Kruschev,Female,12/19/2006,8632
290,zbendelowqf@issuu.com,Zack,Bendelow,Male,2/4/2010,7772
479,kmaccathayqg@wisc.edu,Kermy,MacCathay,Male,9/23/2009,8662
543,fbleasdilleqh@paypal.com,Fred,Bleasdille,Female,12/15/2010,7839
185,ghustlerqi@pcworld.com,Goldarina,Hustler,Female,11/1/2016,4440
41,sitzcakqj@exblog.jp,Sara-ann,Itzcak,Female,11/13/2018,8729
338,kbroddleqk@dyndns.org,Keven,Broddle,Male,2/26/2022,444
64,gvenardql@uol.com.br,Gerry,Venard,Female,4/2/2006,4533
620,jflaniganqm@cargocollective.com,Javier,Flanigan,Male,6/15/2015,9751
237,egabrielyqn@multiply.com,Erda,Gabriely,Female,5/3/2011,7143
174,mbergeonqo@hostgator.com,Mikol,Bergeon,Male,4/18/2011,4659
368,ecastanaresqp@list-manage.com,Ettie,Castanares,Female,3/24/2005,5674
624,vellissqq@instagram.com,Victoir,Elliss,Male,9/21/2006,1031
876,opickringqr@un.org,Odette,Pickring,Female,7/13/2001,7879
893,jyannoniqs@wired.com,Juana,Yannoni,Female,10/12/2017,346
385,akilbeeqt@census.gov,Ambur,Kilbee,Female,7/29/2017,3646
809,aofearguisequ@typepad.com,Alvinia,O'Fearguise,Female,5/16/2002,6924
639,hdoullqv@jigsy.com,Hazlett,Doull,Male,1/10/2016,3672
815,oshillingqw@feedburner.com,Olva,Shilling,Agender,9/24/2008,4629
938,ncosstickqx@opensource.org,Nicolis,Cosstick,Male,7/16/2021,9042
988,wtiltqy@epa.gov,Waylen,Tilt,Male,8/28/2016,2612
57,klabramqz@last.fm,Kris,Labram,Male,4/5/2022,9058
241,ggumleyr0@army.mil,Gregorius,Gumley,Male,1/26/2014,5280
825,hmotherwellr1@storify.com,Humfried,Motherwell,Male,4/2/2009,1729
382,lglasardr2@newyorker.com,Laurella,Glasard,Female,3/17/2020,1389
467,gcolquhounr3@netlog.com,Guillaume,Colquhoun,Male,6/10/2007,8119
317,smontfordr4@npr.org,Sully,Montford,Genderqueer,9/13/2002,3438
940,ctinnerr5@friendfeed.com,Celeste,Tinner,Female,8/5/2014,4156
45,mquinionr6@newsvine.com,Mavis,Quinion,Female,8/7/2001,5540
227,mpetherr7@slideshare.net,Moishe,Pether,Male,3/16/2022,6611
150,gprobater8@weebly.com,Gerald,Probate,Male,10/27/2018,2958
261,psiemianowiczr9@wikispaces.com,Peri,Siemianowicz,Female,4/23/2007,368
183,iandrassyra@hud.gov,Ivy,Andrassy,Female,5/21/2001,9386
272,bwisdomrb@pbs.org,Bryana,Wisdom,Female,10/8/2003,8456
453,idrohanrc@constantcontact.com,Isabelle,Drohan,Female,8/28/2002,9828
115,btheodorerd@weather.com,Bridget,Theodore,Female,10/7/2006,8799
710,labelare@tinyurl.com,Lay,Abela,Non-binary,9/21/2019,4913
787,ikeatrf@hao123.com,Ira,Keat,Female,7/25/2021,807
411,wgiloglyrg@ning.com,Winnie,Gilogly,Male,7/24/2018,2740
377,ainnmanrh@pagesperso-orange.fr,Asher,Innman,Male,12/15/2001,3529
62,pwaddingtonri@aboutads.info,Pyotr,Waddington,Male,12/17/2002,3194
994,wwaliszewskirj@usatoday.com,Walton,Waliszewski,Male,9/14/2019,4034
183,mmcdarmidrk@zimbio.com,Mirelle,McDarmid,Female,11/8/2008,4754
969,pchestersrl@webeden.co.uk,Pablo,Chesters,Male,11/28/2010,2601
597,tburmanrm@photobucket.com,Terrijo,Burman,Female,5/17/2021,1527
515,ibortoluttirn@meetup.com,Ignatius,Bortolutti,Male,2/12/2012,1942
874,dsemradro@a8.net,Derrick,Semrad,Bigender,7/1/2011,673
667,mcaslakerp@timesonline.co.uk,Mischa,Caslake,Male,6/7/2009,759
436,amonginrq@geocities.jp,Addia,Mongin,Female,7/14/2020,9669
869,agodsilrr@wp.com,Anallise,Godsil,Female,11/13/2002,6823
